Kabupaten,Tahun,Bulan,Produksi_Ton
Bojonegoro,2019,3,151447.33
Bojonegoro,2019,4,173832.85
Bojonegoro,2019,5,18255.29
Bojonegoro,2019,6,83824.42
Bojonegoro,2019,7,71629.02
Bojonegoro,2019,8,23908.81
Bojonegoro,2019,9,23869.96
Bojonegoro,2019,10,28109.01
Bojonegoro,2019,11,26672.43
Bojonegoro,2019,12,22691.13
Bojonegoro,2020,1,16455.01
Bojonegoro,2020,2,34413.21
Bojonegoro,2020,3,101065.38
Bojonegoro,2020,4,201732.58
Bojonegoro,2020,5,62503.05
Bojonegoro,2020,6,60580.6
Bojonegoro,2020,7,81926.37
Bojonegoro,2020,8,66467.02
Bojonegoro,2020,9,31384.47
Bojonegoro,2020,10,30442.06
Bojonegoro,2020,11,26418.17
Bojonegoro,2020,12,15527.2
Bojonegoro,2021,1,18919.35
Bojonegoro,2021,2,56637.29
Bojonegoro,2021,3,221428.29
Bojonegoro,2021,4,75747.33
Bojonegoro,2021,5,24344.39
Bojonegoro,2021,6,100863.21
Bojonegoro,2021,7,71378.09
Bojonegoro,2021,8,7327.66
Bojonegoro,2021,9,20833.28
Bojonegoro,2021,10,35055.5
Bojonegoro,2021,11,20144.64
Bojonegoro,2021,12,21322.97
Bojonegoro,2022,1,9362.65
Bojonegoro,2022,2,74278.61
Bojonegoro,2022,3,283043.45
Bojonegoro,2022,4,42332.37
Bojonegoro,2022,5,10979.17
Bojonegoro,2022,6,105282.46
Bojonegoro,2022,7,72573.51
Bojonegoro,2022,8,11806.49
Bojonegoro,2022,9,18334.94
Bojonegoro,2022,10,25397.75
Bojonegoro,2022,11,30820.68
Bojonegoro,2022,12,20076.86
Bojonegoro,2023,1,12065.62
Bojonegoro,2023,2,166942.05
Bojonegoro,2023,3,179152.2
Bojonegoro,2023,4,33277.34
Bojonegoro,2023,5,42244.38
Bojonegoro,2023,6,137735.75
Bojonegoro,2023,7,26462.7
Bojonegoro,2023,8,15718.57
Bojonegoro,2023,9,22897.35
Bojonegoro,2023,10,31371.81
Bojonegoro,2023,11,24506.87
Bojonegoro,2023,12,13587.99
Bojonegoro,2024,1,15837.66
Bojonegoro,2024,2,41517.71
Bojonegoro,2024,3,122138.33
Bojonegoro,2024,4,179810.36
Bojonegoro,2024,5,51399.61
Bojonegoro,2024,6,82737.06
Bojonegoro,2024,7,72779.58
Bojonegoro,2024,8,34705.98
Bojonegoro,2024,9,29925.35
Bojonegoro,2024,10,30994.66
Bojonegoro,2024,11,31305.84
Bojonegoro,2024,12,17375.04
Jember,2019,3,115230.9
Jember,2019,4,134786.68
Jember,2019,5,32701.75
Jember,2019,6,26713.72
Jember,2019,7,84094.99
Jember,2019,8,86490.26
Jember,2019,9,19733.38
Jember,2019,10,17230.71
Jember,2019,11,21370.6
Jember,2019,12,27963.3
Jember,2020,1,29029.62
Jember,2020,2,26409.82
Jember,2020,3,36596.59
Jember,2020,4,196286.86
Jember,2020,5,47264.43
Jember,2020,6,24994.79
Jember,2020,7,36935.86
Jember,2020,8,101188.94
Jember,2020,9,32432.49
Jember,2020,10,18238.87
Jember,2020,11,21390.09
Jember,2020,12,19495.01
Jember,2021,1,36210.9
Jember,2021,2,18863.96
Jember,2021,3,64984.91
Jember,2021,4,177542.27
Jember,2021,5,44381.16
Jember,2021,6,29393.99
Jember,2021,7,51095.72
Jember,2021,8,96814.82
Jember,2021,9,32280.15
Jember,2021,10,18427.65
Jember,2021,11,18608.02
Jember,2021,12,27094.32
Jember,2022,1,35404.42
Jember,2022,2,22279.31
Jember,2022,3,80842.89
Jember,2022,4,165118.25
Jember,2022,5,47605.94
Jember,2022,6,27983.74
Jember,2022,7,50290.03
Jember,2022,8,86506.89
Jember,2022,9,35457.58
Jember,2022,10,23723.25
Jember,2022,11,14589.77
Jember,2022,12,17569.12
Jember,2023,1,34925.84
Jember,2023,2,31132.97
Jember,2023,3,95937.54
Jember,2023,4,137142.62
Jember,2023,5,47046.27
Jember,2023,6,41220.51
Jember,2023,7,51435.82
Jember,2023,8,83008.54
Jember,2023,9,28360.42
Jember,2023,10,28950.4
Jember,2023,11,17780.19
Jember,2023,12,19784.65
Jember,2024,1,32137.3
Jember,2024,2,37948.27
Jember,2024,3,57034.31
Jember,2024,4,152124.69
Jember,2024,5,71085.24
Jember,2024,6,44278.07
Jember,2024,7,34662.48
Jember,2024,8,84699.05
Jember,2024,9,47343.97
Jember,2024,10,27712.36
Jember,2024,11,18045.13
Jember,2024,12,16194.01
Lamongan,2019,3,177487.12
Lamongan,2019,4,129375.8
Lamongan,2019,5,30154.6
Lamongan,2019,6,121092.47
Lamongan,2019,7,72815.97
Lamongan,2019,8,93795.49
Lamongan,2019,9,101043.67
Lamongan,2019,10,29095.4
Lamongan,2019,11,9353.87
Lamongan,2019,12,2851.03
Lamongan,2020,1,2079.32
Lamongan,2020,2,16730.65
Lamongan,2020,3,167716.11
Lamongan,2020,4,180318.87
Lamongan,2020,5,44788.12
Lamongan,2020,6,65078.01
Lamongan,2020,7,86458.58
Lamongan,2020,8,155030.4
Lamongan,2020,9,99009.44
Lamongan,2020,10,58638.27
Lamongan,2020,11,8964.89
Lamongan,2020,12,1248.33
Lamongan,2021,1,2132.47
Lamongan,2021,2,38919.57
Lamongan,2021,3,241442.22
Lamongan,2021,4,86994.09
Lamongan,2021,5,18362.12
Lamongan,2021,6,111250.47
Lamongan,2021,7,96313.56
Lamongan,2021,8,87711.58
Lamongan,2021,9,83737.99
Lamongan,2021,10,13852.22
Lamongan,2021,11,8874.96
Lamongan,2021,12,3070.84
Lamongan,2022,1,5039.56
Lamongan,2022,2,117228.39
Lamongan,2022,3,252152.07
Lamongan,2022,4,29708.78
Lamongan,2022,5,34231.15
Lamongan,2022,6,136533.66
Lamongan,2022,7,90623.69
Lamongan,2022,8,75716.25
Lamongan,2022,9,62340.06
Lamongan,2022,10,58046.74
Lamongan,2022,11,36736.27
Lamongan,2022,12,5525.67
Lamongan,2023,1,15162.11
Lamongan,2023,2,168447.67
Lamongan,2023,3,162628.39
Lamongan,2023,4,23649.89
Lamongan,2023,5,60610.06
Lamongan,2023,6,119010.87
Lamongan,2023,7,57823.47
Lamongan,2023,8,71339.66
Lamongan,2023,9,98069.64
Lamongan,2023,10,13885.52
Lamongan,2023,11,3877.64
Lamongan,2023,12,4199.93
Lamongan,2024,1,3983.57
Lamongan,2024,2,7386.26
Lamongan,2024,3,178246.94
Lamongan,2024,4,172955.82
Lamongan,2024,5,32427.6
Lamongan,2024,6,69402.94
Lamongan,2024,7,83230.6
Lamongan,2024,8,90118.22
Lamongan,2024,9,111204.45
Lamongan,2024,10,21822.91
Lamongan,2024,11,1497.6
Lamongan,2024,12,4013.75
Ngawi,2019,3,186344.19
Ngawi,2019,4,33460.56
Ngawi,2019,5,17346.31
Ngawi,2019,6,115147.64
Ngawi,2019,7,117077.85
Ngawi,2019,8,21583.92
Ngawi,2019,9,17756.72
Ngawi,2019,10,74541.46
Ngawi,2019,11,101192.5
Ngawi,2019,12,28322.24
Ngawi,2020,1,7564.73
Ngawi,2020,2,27350.93
Ngawi,2020,3,216342.48
Ngawi,2020,4,46406.85
Ngawi,2020,5,8079.76
Ngawi,2020,6,53091.68
Ngawi,2020,7,185518.77
Ngawi,2020,8,34749.66
Ngawi,2020,9,4286.08
Ngawi,2020,10,54349.92
Ngawi,2020,11,164079.43
Ngawi,2020,12,35952.86
Ngawi,2021,1,4448.31
Ngawi,2021,2,36572.31
Ngawi,2021,3,182606.32
Ngawi,2021,4,48776.05
Ngawi,2021,5,9294.24
Ngawi,2021,6,60280.26
Ngawi,2021,7,167253.37
Ngawi,2021,8,32254.39
Ngawi,2021,9,3880.68
Ngawi,2021,10,67235.52
Ngawi,2021,11,132677.47
Ngawi,2021,12,41196.73
Ngawi,2022,1,5184.08
Ngawi,2022,2,37705.42
Ngawi,2022,3,161888.54
Ngawi,2022,4,72821.87
Ngawi,2022,5,6447.01
Ngawi,2022,6,52579.48
Ngawi,2022,7,148533.65
Ngawi,2022,8,42046.51
Ngawi,2022,9,5947.46
Ngawi,2022,10,36289.56
Ngawi,2022,11,133000.33
Ngawi,2022,12,53495.04
Ngawi,2023,1,9238.74
Ngawi,2023,2,12573.66
Ngawi,2023,3,168875.14
Ngawi,2023,4,76167.68
Ngawi,2023,5,13985.88
Ngawi,2023,6,33955.28
Ngawi,2023,7,142225.58
Ngawi,2023,8,74862.19
Ngawi,2023,9,9963.7
Ngawi,2023,10,19450.39
Ngawi,2023,11,121420.55
Ngawi,2023,12,88532.58
Ngawi,2024,1,12826.55
Ngawi,2024,2,10676.27
Ngawi,2024,3,117677.47
Ngawi,2024,4,129355.53
Ngawi,2024,5,15742.03
Ngawi,2024,6,25367.63
Ngawi,2024,7,125246.82
Ngawi,2024,8,103869.41
Ngawi,2024,9,26537.08
Ngawi,2024,10,28967.56
Ngawi,2024,11,101852.09
Ngawi,2024,12,67585.09
Tuban,2019,3,71450.23
Tuban,2019,4,148962.42
Tuban,2019,5,33837.62
Tuban,2019,6,18807.73
Tuban,2019,7,37182.33
Tuban,2019,8,26291.91
Tuban,2019,9,23968.36
Tuban,2019,10,76271.47
Tuban,2019,11,22577.47
Tuban,2019,12,8696.46
Tuban,2020,1,17397.72
Tuban,2020,2,34158.25
Tuban,2020,3,57925.04
Tuban,2020,4,116423.68
Tuban,2020,5,74831.23
Tuban,2020,6,22086.2
Tuban,2020,7,27552.03
Tuban,2020,8,34942.52
Tuban,2020,9,36898.93
Tuban,2020,10,62061.8
Tuban,2020,11,19282.1
Tuban,2020,12,3494.38
Tuban,2021,1,26280.91
Tuban,2021,2,29371.56
Tuban,2021,3,117522.51
Tuban,2021,4,102133.26
Tuban,2021,5,18699.85
Tuban,2021,6,17777.26
Tuban,2021,7,40517.56
Tuban,2021,8,18113.74
Tuban,2021,9,39225.7
Tuban,2021,10,63817.05
Tuban,2021,11,12523.29
Tuban,2021,12,3435.93
Tuban,2022,1,31883.19
Tuban,2022,2,37297.72
Tuban,2022,3,152502.65
Tuban,2022,4,69187.04
Tuban,2022,5,14111.89
Tuban,2022,6,13615.72
Tuban,2022,7,43070.89
Tuban,2022,8,17992.41
Tuban,2022,9,47241.93
Tuban,2022,10,46944.86
Tuban,2022,11,19675.98
Tuban,2022,12,5414.31
Tuban,2023,1,32714.42
Tuban,2023,2,60401.05
Tuban,2023,3,164251.75
Tuban,2023,4,25735.29
Tuban,2023,5,19460.59
Tuban,2023,6,41717.0
Tuban,2023,7,33755.08
Tuban,2023,8,15026.36
Tuban,2023,9,49276.16
Tuban,2023,10,47312.45
Tuban,2023,11,9675.63
Tuban,2023,12,2415.34
Tuban,2024,1,45786.79
Tuban,2024,2,48067.7
Tuban,2024,3,53556.32
Tuban,2024,4,106059.88
Tuban,2024,5,57927.6
Tuban,2024,6,26444.97
Tuban,2024,7,34307.09
Tuban,2024,8,19551.51
Tuban,2024,9,58462.63
Tuban,2024,10,54889.52
Tuban,2024,11,13042.83
Tuban,2024,12,4970.65
